/*
Navicat MySQL Data Transfer

Source Server         : Learning
Source Server Version : 50536
Source Host           : localhost:3306
Source Database       : sso

Target Server Type    : MYSQL
Target Server Version : 50536
File Encoding         : 65001

Date: 2017-10-28 12:21:38
*/

SET FOREIGN_KEY_CHECKS=0;

-- ----------------------------
-- Table structure for sys_permission
-- ----------------------------
DROP TABLE IF EXISTS `sys_permission`;
CREATE TABLE `sys_permission` (
  `id` bigint(20) NOT NULL AUTO_INCREMENT,
  `available` bit(1) DEFAULT NULL,
  `name` varchar(255) DEFAULT NULL,
  `parent_id` bigint(20) DEFAULT NULL,
  `parent_ids` varchar(255) DEFAULT NULL,
  `permission` varchar(255) DEFAULT NULL,
  `resource_type` enum('menu','button') DEFAULT NULL,
  `url` varchar(255) DEFAULT NULL,
  PRIMARY KEY (`id`)
) ENGINE=InnoDB AUTO_INCREMENT=4 DEFAULT CHARSET=utf8;

-- ----------------------------
-- Records of sys_permission
-- ----------------------------
INSERT INTO `sys_permission` VALUES ('1', '', '用户管理', '0', '0/', 'userInfo:view', 'menu', 'userInfo/userList');
INSERT INTO `sys_permission` VALUES ('11', '', '用户添加', '1', '0/1', 'userInfo:add', 'button', 'userInfo/userAdd');
INSERT INTO `sys_permission` VALUES ('12', '', '用户删除', '1', '0/1', 'userInfo:del', 'button', 'userInfo/userDel');

-- ----------------------------
-- Table structure for sys_role
-- ----------------------------
DROP TABLE IF EXISTS `sys_role`;
CREATE TABLE `sys_role` (
  `id` bigint(20) NOT NULL AUTO_INCREMENT,
  `available` bit(1) DEFAULT NULL,
  `description` varchar(255) DEFAULT NULL,
  `role_name` varchar(255) DEFAULT NULL,
  PRIMARY KEY (`id`),
  UNIQUE KEY `UK_7kwex0745q0eycdwi4d2yihi3` (`role_name`)
) ENGINE=InnoDB AUTO_INCREMENT=3 DEFAULT CHARSET=utf8;

-- ----------------------------
-- Records of sys_role
-- ----------------------------
INSERT INTO `sys_role` VALUES ('1', '', '管理员', 'admin');
INSERT INTO `sys_role` VALUES ('2', '', 'VIP会员', 'vip');

-- ----------------------------
-- Table structure for sys_role_permission
-- ----------------------------
DROP TABLE IF EXISTS `sys_role_permission`;
CREATE TABLE `sys_role_permission` (
  `role_id` bigint(20) NOT NULL,
  `permission_id` bigint(20) NOT NULL,
  KEY `FKomxrs8a388bknvhjokh440waq` (`permission_id`),
  KEY `FK9q28ewrhntqeipl1t04kh1be7` (`role_id`),
  CONSTRAINT `FK9q28ewrhntqeipl1t04kh1be7` FOREIGN KEY (`role_id`) REFERENCES `sys_role` (`id`),
  CONSTRAINT `FKomxrs8a388bknvhjokh440waq` FOREIGN KEY (`permission_id`) REFERENCES `sys_permission` (`id`)
) ENGINE=InnoDB DEFAULT CHARSET=utf8;

-- ----------------------------
-- Records of sys_role_permission
-- ----------------------------
INSERT INTO `sys_role_permission` VALUES ('1', '1');
INSERT INTO `sys_role_permission` VALUES ('1', '1');
INSERT INTO `sys_role_permission` VALUES ('2', '1');
INSERT INTO `sys_role_permission` VALUES ('2', '11');

-- ----------------------------
-- Table structure for sys_user
-- ----------------------------
DROP TABLE IF EXISTS `sys_user`;
CREATE TABLE `sys_user` (
  `id` bigint(20) NOT NULL AUTO_INCREMENT,
  `name` varchar(255) DEFAULT NULL,
  `username` varchar(255) DEFAULT NULL,
  `password` varchar(255) DEFAULT NULL,
  `salt` varchar(255) DEFAULT NULL,
  `state` tinyint(4) NOT NULL,
  PRIMARY KEY (`id`),
  UNIQUE KEY `UK_51bvuyvihefoh4kp5syh2jpi4` (`username`)
) ENGINE=InnoDB AUTO_INCREMENT=3 DEFAULT CHARSET=utf8;

-- ----------------------------
-- Records of sys_user
-- ----------------------------
INSERT INTO `sys_user` VALUES ('1', '管理员', 'admin', '1c167af469ba947225bb533f9d0e851ff7d32bd032f8bde982101c887dd02d6a', '7dbc80d3dac0d21848142f1da24a2d4e', '0');
INSERT INTO `sys_user` VALUES ('2', '韩汉洲', 'hanhanzhou', 'c9fc5c892d835b7e569e4f8a242d05bdcb27cda027c05675acc0678d3af9e805', '01bf932bfe8f5291528b1fe91741f675', '1');

-- ----------------------------
-- Table structure for sys_user_role
-- ----------------------------
DROP TABLE IF EXISTS `sys_user_role`;
CREATE TABLE `sys_user_role` (
  `user_id` bigint(20) NOT NULL,
  `role_id` bigint(20) NOT NULL,
  KEY `FKhh52n8vd4ny9ff4x9fb8v65qx` (`role_id`),
  KEY `FKb40xxfch70f5qnyfw8yme1n1s` (`user_id`),
  CONSTRAINT `FKb40xxfch70f5qnyfw8yme1n1s` FOREIGN KEY (`user_id`) REFERENCES `sys_user` (`id`),
  CONSTRAINT `FKhh52n8vd4ny9ff4x9fb8v65qx` FOREIGN KEY (`role_id`) REFERENCES `sys_role` (`id`)
) ENGINE=InnoDB DEFAULT CHARSET=utf8;

-- ----------------------------
-- Records of sys_user_role
-- ----------------------------
INSERT INTO `sys_user_role` VALUES ('1', '1');
INSERT INTO `sys_user_role` VALUES ('1', '2');
INSERT INTO `sys_user_role` VALUES ('2', '1');
INSERT INTO `sys_user_role` VALUES ('2', '2');
